post_id,title,score,author,created_utc,subreddit,num_comments
1q232ap,Subreddit changes - 2026,55,Forgotten_Dog1954,2026-01-02 21:27:18,travel,18
1qjnldx,Grindelwald Switzerland - August 2025,795,Zzz_sleepy6,2026-01-22 11:54:36,travel,38
1qjmw48,"Colmar France, May 2024",331,GoodThanks26,2026-01-22 11:14:59,travel,8
1qiyckv,"Scenes from Mykonos, Greece ðŸ‡¬ðŸ‡·",2556,TheTravelingTwink,2026-01-21 18:48:41,travel,54
1qjb12x,US Southwest (2024),443,Dumitr1,2026-01-22 02:34:35,travel,12
1qjnu15,From our trip to Mangi Tungi- one of the most deserving beauties of Maharashtra,67,dpaladiya369,2026-01-22 12:08:28,travel,4
1qja15d,From Athens to Rethymno,424,Appalachian_Bert,2026-01-22 01:57:49,travel,2
1qjla2s,"A Quiet Day in Kingstown, Saint Vincent and the Grenadines ðŸ‡»ðŸ‡¨",86,ekapitu,2026-01-22 09:51:47,travel,0
1qjlrnc,Turkish Airlines Carry on Lost after Flight Attendant Relocates It. Airline Refuses to Ship It.,54,LimpEntrepreneur8256,2026-01-22 10:16:08,travel,6
1qjqna8,"Lauterbrunnen, Switzerland - September 2024",22,First_Leadership,2026-01-22 15:02:19,travel,3
1qiwsvd,Kerala: an amazing South Indian experience.,1036,Aidananonaidan,2026-01-21 17:38:29,travel,52
1qjjjd5,driving on other side of road,39,Dmlandis59,2026-01-22 08:29:06,travel,164
1qj4va6,How to sleep in a plane?,194,bast_852,2026-01-21 22:51:19,travel,428
1qj88ru,What simple habit made travel days noticeably easier for you?,133,Big_Barber733,2026-01-22 00:51:53,travel,167
1qjpry4,"Phimai Historical Park, Nakhon Ratchasima, Thailand",10,PatrickLCH77,2026-01-22 14:07:58,travel,1
1qivgko,"Sofia, Bulgaria: The quiet capital city in the Balkans",498,Holiday-Height2500,2026-01-21 16:29:25,travel,12
1qj1j8n,"Pictures from Jakarta, Indonesia",192,tolmaenjoyer,2026-01-21 20:51:43,travel,22
1qitjb0,Have all hotels suddenly forgotten how to make beds at the same time?,428,rhcpds7,2026-01-21 14:35:26,travel,76
1qi9pkf,Malaga/Granada/Surroundings,5714,L4bakan,2026-01-20 23:48:09,travel,122
1qjq5jz,Where do you keep the money?,3,Kindly_Office_4237,2026-01-22 14:31:39,travel,12
1qjs2sl,"Summary of my trip, 2 continents, 4 countries, 8 cities, 16 days [FR BE DE MA]",2,HMZ_PBI,2026-01-22 16:26:45,travel,1
1qjpn37,Solo travel in Iraq,3,Late-Watercress-3891,2026-01-22 13:59:51,travel,1
1qjeiu6,"Dahab, Egypt - be cautious of overstaying on the 15 day Sinai visa free stamp and crossing from Taba",16,Deep_Stop2932,2026-01-22 04:49:41,travel,1
1qjr7ve,travelling to Siwa oasis in Egypt,2,Responsible-Funny-48,2026-01-22 15:36:32,travel,3
1qjtaup,can 16 year olds do international layovers?,1,cqrev,2026-01-22 17:30:58,travel,1
1qjla5f,NYC during winter storm,5,Outside-Twist7720,2026-01-22 09:51:54,travel,42
1qjt2hc,Going to Denmark soon!,1,Sun_Flower11,2026-01-22 17:19:48,travel,2
1qjsw13,Korean dermatology clinics: life-changing if you do it right / total scam if you don't,0,Few-Visual842,2026-01-22 17:10:49,travel,4
1qjsomb,"15 days itinerary North and Central Vietnam, want your advice!",1,Laulaufuego,2026-01-22 17:00:23,travel,1
1qjs499,"Sunny, beachy, non-resort destinations in October?",1,selfyeastofspirit,2026-01-22 16:29:07,travel,2
1qjrseb,Is this Itinerary feasible ? (23M Solo),1,LongjumpingService61,2026-01-22 16:09:59,travel,11
1qidmqy,9 days in Laos,1080,alzhayx,2026-01-21 02:09:55,travel,24
1qjqq4u,Is it a problem that having visited Serbia before entering Kosova,0,mirmo_on,2026-01-22 15:07:17,travel,7
1qjqhab,Uyuni to San Pedro de Atacama,1,Constant-Tree7055,2026-01-22 14:52:24,travel,1
1qjq1mc,Short-term visit in Syria and consequences for visas (European Passport),0,Haunting_Sandwich153,2026-01-22 14:24:44,travel,5
1qjpn5i,Transfer Aourir to Agadir Airport,1,Single-State-9107,2026-01-22 13:59:58,travel,1
1qjp6ho,Bringing Concerta into U.S.,0,No_Divide4615,2026-01-22 13:30:13,travel,5
1qjosvi,Salento to Pereira in the middle of the night,0,Termit0r,2026-01-22 13:06:41,travel,0
1qjos6f,"Hello, India -> Madrid -> Granada, 1.5 hour layover to transfer in Madrid. Doable?",1,Commercial_Run_2613,2026-01-22 13:05:26,travel,10
1qjoohz,"Tips with travel in Denmark, Copenhagen to Legoland with 6 y.o. kid",0,Lottie_the_Red,2026-01-22 12:59:37,travel,2
1qjne8v,What is a great YouTube channel to watch that shows airports in depth?,0,Affectionate-Ear3419,2026-01-22 11:43:02,travel,2
1qjnd6i,did anyone fly ITA airways from san Francisco to Rome?,0,Resident_Cut_7410,2026-01-22 11:41:19,travel,2
1qjmlxe,Fast paced Morocco & Spain road trip plan,1,Produce_Conscious,2026-01-22 11:00:08,travel,2
1qjmfon,Vietnam E-Visa Application,1,macnicholson,2026-01-22 10:50:40,travel,18
1qjlltp,Need help choosing spring break destination,0,mightygoose666,2026-01-22 10:07:44,travel,3
1qjliu5,Looking for Mexico travel locations suggestion for 4 to 5 day trip,2,Royal-Engineer-4779,2026-01-22 10:03:30,travel,13
1qjlhwn,Trip to Sri Lanka,1,noeasy_allcrazy,2026-01-22 10:02:14,travel,1
1qjkvxq,Solo female traveler 2-4 weeks in Central America - must-visit places?,1,premedidiot,2026-01-22 09:32:47,travel,2
1qjkvms,"To visit in 5 days in august, which is better Budapest or Stockholm?",1,No-Indication-8044,2026-01-22 09:32:23,travel,4
1qjklzv,Suggestions for budget-friendly excursions in Europe from Warsaw?,1,dibblythegreat,2026-01-22 09:19:40,travel,4
1qjk8l6,Lost Baggage,0,Designer_Werewolf100,2026-01-22 09:01:41,travel,1
1qjb2aw,Trip With Large Friend Group Nothern/Central Italy,4,Fuzzy_Pilot,2026-01-22 02:35:50,travel,4
1qjjmwz,Best 6 day destination for diving + land adventures in March from Miami,0,fsurocks2022,2026-01-22 08:33:34,travel,0
1qjq3op,Vietnam Trip in March â€” Looking for Two Travel Companions,0,Kashish197,2026-01-22 14:28:19,travel,2
1qjj9dc,INT to domestic ATL,1,Melodic-Fisherman146,2026-01-22 08:16:29,travel,11
1qji5ek,Help Us Plan an International Anniversary Trip Around Learning From an Artist (2-Day Workshop),1,mastermeise,2026-01-22 07:26:45,travel,5
1qjhv21,Can you travel Ejecafetero in Colombia without a car?,0,CptnMonkee,2026-01-22 07:14:02,travel,2
1qjhokb,"Car rental/frequent flyer experts, please sanity check me! Flying Blue Hertz portal has a higher base price than the normal Hertz website.",0,Corentinrobin29,2026-01-22 07:06:15,travel,1
1qjh3ju,Grad trip to Greece! Tips??,0,pookiebearclare,2026-01-22 06:40:06,travel,2
1qjbf44,Best travel pass option for Paris -> Interlaken -> Lucerne - > Zurich?,1,Ambitious-Strike5100,2026-01-22 02:48:59,travel,2
1qi9uu0,"Which countries or cities do you believe gave you the highest and lowest ""bang for your buck""?",269,Fluid-Decision6262,2026-01-20 23:53:14,travel,446
1qjfxjz,Vietnam itinerary help!,0,Scary_Debate_7793,2026-01-22 05:48:54,travel,3
1qjfpjm,Cesky Krumlov and Halsatt detour possible in my itinerary?,0,rvdvg,2026-01-22 05:39:13,travel,6
1qjn99q,Customs in the EU,0,Pondlurker1978,2026-01-22 11:35:02,travel,9
1qj5r1c,Cool Places for An Intergenerational Family Trip?,2,OkContract2001,2026-01-21 23:22:30,travel,50
1qjmwsl,Best bag to hold essentials,0,robotica00,2026-01-22 11:16:01,travel,6
1qjezfm,Question about Istanbul travel,0,lala_whocares,2026-01-22 05:08:38,travel,2
1qjezbo,Need to narrow down my list,0,Sensitive_Bus_7769,2026-01-22 05:08:31,travel,2
1qjex69,Esta USA,0,Fit_Paramedic_4685,2026-01-22 05:05:54,travel,19
1qjerns,Eta Canada,0,Diligent-Gas-1143,2026-01-22 04:59:46,travel,0
1qjeavd,6 Months Travelling - Itinerary Check,0,EyeofAv8,2026-01-22 04:40:43,travel,5
1qjdwlt,ESTA Authorisation Pending After 12 Days & Payment Reversed â€“ Seeking Advice,0,Melbourne_vibes,2026-01-22 04:24:51,travel,2
1qjdny0,Copenhagen to Bergen - 7 days. Sites?,0,MeMaxM,2026-01-22 04:15:23,travel,2
1qiqp7i,How do safari operators differ in planning honeymoon versus regular trips,28,Ambitious-Grass3081,2026-01-21 11:42:01,travel,8
1qhpckp,China completely surprised me (in a good way),3313,Ornery-Conference515,2026-01-20 08:00:08,travel,190
1qjmy5o,Going to Europe how do I use my cell phone - my carrier doesn't have a plan in Europe only South America,0,Very_Veri_,2026-01-22 11:18:04,travel,7
1qjc9js,"One week, some in Berlin, the otherâ€¦?",0,nowherian_,2026-01-22 03:20:52,travel,5
1qjnrtg,Does Ryanair cost the same as BA/Aer Lingus if you need checked baggage?,0,Ok_Personality8193,2026-01-22 12:05:00,travel,27
1qj1ssq,Rainy season in Ghana / Togo / Benin (late Mayâ€“June) â€” how bad is it really?,4,mcbloodmoon,2026-01-21 21:01:19,travel,6
1qjb7fk,"Planning a 3 week trip to China in September â€“ looking for experiences, places & advice",0,Prestigious_Storm_,2026-01-22 02:41:12,travel,7
1qj0syi,Balkans itinerary,3,Relevant-Poem9109,2026-01-21 20:25:30,travel,1
1qizwuk,South African Visa application in UK,2,fs1999,2026-01-21 19:51:48,travel,1
1qj93wd,Help me pick a destination in Spain (please)!,0,Scary_Debate_7793,2026-01-22 01:23:29,travel,4
1qj8uca,1.5 days in Granada...worth it?,0,Pay_me_severance,2026-01-22 01:13:44,travel,8
1qi29sl,Airbnb host asks for â‚¬120 cleaning fee upon arrival in cash?,185,Leading-Breakfast-84,2026-01-20 19:18:02,travel,100
1qj0461,Paris + Northern Spain Road Trip Itinerary,2,SillySilhouettes,2026-01-21 19:59:34,travel,1
1qjjhtq,"How does the volunteer system at hostels affect the local economy, if at all?",0,falafelforever,2026-01-22 08:27:07,travel,5
1qiwv96,"Treno tra Baku, Tbilisi e Kars.",2,Exciting_East1159,2026-01-21 17:41:46,travel,1
1qi7zlt,Where to go in Spain in summer?,98,xFirnen,2026-01-20 22:48:44,travel,88
1qi9p77,Anybody else have designated chill/relax days where you do nothing/almost nothing?,77,ContractVarious3077,2026-01-20 23:47:50,travel,49
1qjipsw,Do airport lounges influence how you choose flights or airlines?,0,ArtisanOfTravel,2026-01-22 07:52:06,travel,18
1qiz00x,Jordan Recommendations,2,chensunny723,2026-01-21 19:15:26,travel,4
1qjhxyd,I got free flights and am looking for US travel suggestions to make the most of them!,0,Junior-Lab-3905,2026-01-22 07:17:36,travel,31
1qjdqmx,Airline Weather Delays,0,rclite,2026-01-22 04:18:20,travel,5
1qj3ula,Traveling with medication,1,Arnau21,2026-01-21 22:14:47,travel,1
1qj3mv4,"Î¤hree days in Mandelieu, Cannes - question",0,Agreeable_Gas9341,2026-01-21 22:06:48,travel,0
1qj3iag,"Big decision, Need Help choosing between Frankfurt and Lisbon!",0,Accomplished-Bit6151,2026-01-21 22:02:23,travel,12
1qj38gb,Vietnam Visa Portrait Photo Rotated,0,Feeling-Rutabaga888,2026-01-21 21:52:52,travel,1
1qjcz3p,Got two weeks at the end of march for my 30th. What to do?,0,whyeventhough117,2026-01-22 03:48:18,travel,4
1qj342x,Tourist tax Q,0,Particular-Gas-5570,2026-01-21 21:48:38,travel,1
